Workbook

Sheet Modelo_Solver
A1: Otimização de custo de mistura de concreto — Solver
A5: VARIÁVEIS DA MISTURA | I5: CUSTO POR MATERIAL
A6: Material | B6: Variável | C6: Quantidade | D6: Unidade | E6: Preço unit. | F6: Custo | G6: Fonte | I6: Material | J6: Custo | K6: Participação
A7: Cimento CP II-32 | B7: C | C7: 333.64316 | D7: kg/m³ | E7: =ROUND(Fontes_e_Premissas!$E$5,4) -> 0.66 | F7: =ROUND(C7*E7,2) -> 220.2 | G7: SINAPI 1379 | I7: Cimento | J7: =F7 -> 220.2 | K7: =ROUND(J7/$B$14,3) -> 0.689
A8: Água | B8: W | C8: 183.28719 | D8: L/m³ | E8: =ROUND(Fontes_e_Premissas!$E$8,4) -> 0.0164 | F8: =ROUND(C8*E8,2) -> 3.01 | G8: COMPESA/ARPE | I8: Água | J8: =F8 -> 3.01 | K8: =ROUND(J8/$B$14,3) -> 0.009
A9: Areia média | B9: S | C9: 844.25592 | D9: kg/m³ | E9: =ROUND(Fontes_e_Premissas!$E$6,4) -> 0.0531 | F9: =ROUND(C9*E9,2) -> 44.83 | G9: SINAPI 370 | I9: Areia | J9: =F9 -> 44.83 | K9: =ROUND(J9/$B$14,3) -> 0.14
A10: Brita 1 | B10: G | C10: 990.11021 | D10: kg/m³ | E10: =ROUND(Fontes_e_Premissas!$E$7,4) -> 0.0519 | F10: =ROUND(C10*E10,2) -> 51.39 | G10: SINAPI 4721 | I10: Brita | J10: =F10 -> 51.39 | K10: =ROUND(J10/$B$14,3) -> 0.161
A12: INDICADORES CALCULADOS
A13: Indicador | B13: Valor | C13: Critério | D13: Status
A14: Custo total | B14: =ROUND(SUM(F7:F10),2) -> 319.43 | C14: ≤ 330 R$/m³ | D14: =IF(B14<=Fontes_e_Premissas!$B$14,"OK","Acima") -> OK
A15: Volume calculado | B15: =ROUND(C7/Fontes_e_Premissas!$F$12+C8/Fontes_e_Premissas!$F$13+C9/Fontes_e_Premissas!$F$14+C10/Fontes_e_Premissas!$F$15+Fontes_e_Premissas!$B$13,3) -> 0.995 | C15: 1,000 m³ ±0,005 | D15: =IF(ABS(B15-Fontes_e_Premissas!$B$12)<=0.005,"OK","Ajustar") -> OK
A16: Relação água/cimento | B16: =ROUND(C8/C7,3) -> 0.549 | C16: ≤ 0,55 | D16: =IF(B16<=Fontes_e_Premissas!$B$16,"OK","Acima") -> OK
A17: fck estimado | B17: =ROUND(Fontes_e_Premissas!$F$18*(Fontes_e_Premissas!$F$19/B16)^Fontes_e_Premissas!$F$20,2) -> 25 | C17: ≥ 25 MPa | D17: =IF(B17>=Fontes_e_Premissas!$B$15,"OK","Abaixo") -> OK
A18: Areia/cimento | B18: =ROUND(C9/C7,3) -> 2.53 | C18: 2,07 a 2,53 | D18: =IF(AND(B18>=Fontes_e_Premissas!$B$21,B18<=Fontes_e_Premissas!$B$22),"OK","Fora") -> OK
A19: Brita/cimento | B19: =ROUND(C10/C7,3) -> 2.968 | C19: 2,43 a 2,97 | D19: =IF(AND(B19>=Fontes_e_Premissas!$B$23,B19<=Fontes_e_Premissas!$B$24),"OK","Fora") -> OK

Sheet Fontes_e_Premissas
A1: Fontes, preços e premissas técnicas
A3: PREÇOS USADOS NO MODELO
A4: Insumo | B4: Referência/código | C4: Valor original | D4: Conversão | E4: Valor usado | F4: URL
A5: Cimento Portland CP II-32 | B5: SINAPI 1379 | C5: R$ 0,66/kg | D5: direto | E5: 0.66 | F5: https://orcamentor.com/insumo/1379/
A6: Areia média | B6: SINAPI 370 | C6: R$ 85,00/m³ | D6: 85 / 1600 kg/m³ | E6: 0.053125 | F6: https://orcamentor.com/insumo/370/
A7: Brita 1 | B7: SINAPI 4721 | C7: R$ 77,78/m³ | D7: 77,78 / 1500 kg/m³ | E7: 0.051853333 | F7: https://orcamentor.com/insumo/4721/
A8: Água tratada comercial | B8: COMPESA/ARPE | C8: R$ 16,38/m³ | D8: 16,38 / 1000 L | E8: 0.01638 | F8: https://www.arpe.pe.gov.br/images/COORDENADORIAS/TARIFAS/SANEAMENTO/2023/Tabela-Tarifria-Compesa-Reajuste-Maro-2023-para-Site.pdf
A10: PARÂMETROS DO MODELO
A11: Parâmetro | B11: Valor | C11: Observação | E11: Massa específica | F11: kg/m³
A12: Volume alvo | B12: 1 | C12: 1 m³ de concreto | E12: Cimento | F12: 3150
A13: Ar incorporado/volume vazio adotado | B13: 0.02 | C13: 2% do volume | E13: Água | F13: 1000
A14: Custo máximo base | B14: 330 | C14: R$/m³ de material | E14: Areia | F14: 2650
A15: fck mínimo base | B15: 25 | C15: MPa | E15: Brita | F15: 2700
A16: a/c máximo base | B16: 0.55 | C16: Relação água/cimento
A17: Água mínima | B17: 160 | C17: L/m³ | E17: Estimativa de resistência | F17: Valor
A18: Água máxima | B18: 200 | C18: L/m³ | E18: fck de referência | F18: 25
A19: Cimento mínimo | B19: 280 | C19: kg/m³ | E19: a/c de referência | F19: 0.55
A20: Cimento máximo | B20: 430 | C20: kg/m³
A21: Areia/cimento mínimo | B21: 2.07 | C21: Faixa = 1:2,3 ±10%
A22: Areia/cimento máximo | B22: 2.53 | C22: Faixa = 1:2,3 ±10% | E22: Fonte geral SINAPI | F22: https://www.caixa.gov.br/poder-publico/modernizacao-gestao/sinapi/Paginas/default.aspx
A23: Brita/cimento mínimo | B23: 2.43 | C23: Faixa = 1:2,7 ±10% | E23: IBGE SINAPI | F23: https://www.ibge.gov.br/estatisticas/economicas/precos-e-custos/9270-sistema-nacional-de-pesquisa-de-custos-e-indices-da-construcao-civil.html
A24: Brita/cimento máximo | B24: 2.97 | C24: Faixa = 1:2,7 ±10%
A26: TRAÇOS SINAPI DE REFERÊNCIA
A27: Código | B27: Fck | C27: Traço em massa seca | D27: Fonte
A28: 94963 | B28: 15 MPa | C28: 1:3,4:3,5 | D28: https://orcamentor.com/grupo/59/
A29: 94964/94970 | B29: 20 MPa | C29: 1:2,7:3,0 | D29: https://orcamentor.com/grupo/59/
A30: 94965 | B30: 25 MPa | C30: 1:2,3:2,7 | D30: https://orcamentor.com/composicao/94965/
A31: 94966 | B31: 30 MPa | C31: 1:2,1:2,5 | D31: https://orcamentor.com/grupo/59/
